title;label
Using entries from other kivy classes;python
Package python software with pylucene dependency;python
Extracting time with regex from a string;python
How do I add specific headers before each form in a model formset?;python
Barplot from a dataframe using a column to set the bar colors;python
python how to collect a specific file from a list of folders and save;python
"&lt;select&gt; element is displayed with default value with dashes (---------), how to change it?";python
Multiple GET Requests, merge json response into one array or json object;python
Python SpeechRecognition mic in list_microphone_names() but not in list_working_microphones();python
speech recognition not taking input;python
Loops Help in Python... reordering cards in a specific order;python
Python error: input expected at most 1 argument, got 3;python
SpeechToText conversion using Python - SpeechRecognition and PyAudio;python
"I CAN&#39;T CREATE TEMPORARY TABLE IN MYSQL";python
"Improving Implementation of Binet&#39;s Formula for finding nth Fibonacci Number in Python 3";python
Run python GUI application as service on ubuntu 18.04;python
Select call only working on tcp inputs twice. How to properly use select with tcp and udp server;python
Why does duplicate node name happen here (in Keras)?;python
Try Catch issue with multiple connection string trying in loop until successful;python
Unable to draw lines using OpenCV;python
Finding a url in a string using Python Regex;python
Plotly-px. plot: Sharing x- axis plotting different y-values with button choice and all belonging to the same figure- How?;python
BigQuery cross project access via cloud functions;python
Does the order of slqalchemy commands have an effect on the resulting sql query?;python
How can a make new list from a 2d list with specific conditions?;python
How can I access superclass attributes through the object externally?;python
Djano first project errors;python
Seaborn Barplot Percentages;python
Is there a way to get the FULL location of a substring inside of another string?;python
Which package do I need to import to use connect method to connect to WebLogic in python;python
Gensim saving word vectors in txt format error;python
How can I set permission for seperate request methods in DRF ModelViewSet?;python
Running script which requires passwords input in background while using subprocess.call();python
SQLAlchemy filter converting datetime.time to datetime.datetime;python
Replace dictionary key with reference to another dictionary which acts as glossary for the key;python
"Why does pandas dataframe with datetime index return that an index is in the dataframe if it&#39;s in the range of dates within the dataframe?";python
"Is there a Wildcard &#39;%&#39; equivalent in Python as there is in SQL?";python
How do I draw this shape in Turtle?;python
Is there a way to force pandas `to_numeric` to always return float64?;python
Python - ord() value is always returned as 195;python
How to convert date format from dd/mm/yyyy to yyyy-mm-dd base on RIDE python robot framework;python
ValueError when rendering html report using Pandas_profiling;python
Matplotlib, how to loop?;python
Cannot import deepfool module?;python
Dynamic Programming - Fibonacci;python
Folium custom layers toggle instead of checkbox;python
How to correct the order of x labels in python matplotlib graph;python
How to use ffill and bfill on time series?;python
Resource_filename in pkg_respource returns missing file;python
Getting Python to read a FIFO Named Pipe - works in C but not in Python;python
How to create a bigger matrix from a smaller one according to a rule;python
"Creating a histogram raises: &quot;only integers, slices (`:`), ellipsis (`...`), numpy.newaxis (`None`) and integer or boolean arrays are valid indices&quot;";python
Elements in defaultdict change order;python
Change a list separator delimiter to another (python);python
"Fastest way to convert a dict&#39;s keys &amp; values from `unicode` to `str`?";python
How to display output of .exe app in QWidget;python
how to get the result of ampl solvers as an array in python;python
WTForms custom validator;python
How can I format data from gspread api into Google Sheets;python
Y_axis ticks stacking when values are set in logarithmic plot;python
Does Python have a ternary conditional operator?;python
SLURM srun run a python script not in parallel, but have access to the parallel resources;python
BeautifulSoup: Merge tables and export to .csv;python
Transform every word in string to a dict and pass how many times all the word occured as value in python;python
sympy does not simplify enough;python
Get only unique items in a list and track the change by puting it in a dictionary - Pandas Python;python
Detect if X11 is available (python);python
tkinter create new option menu and put into new window that opens from drop down menu;python
Simple Python question regarding joining / adding data / dataframes;python
Get keys from dict using list comprehention;python
infinite scrolling webpage with same url by scapy;python
Import file from parent directory?;python
How to tell py to select only wannable things?;python
"Is there any way to only extract &quot;corner&quot; vertex points from a PNG?";python
Exploding and Splitting columns causing data mismatch;python
Segmenting an audio file using an annotation file in R/Python;python
start selenium in Odoo with selenium driver;python
Images getting merged into single plot while saving plot using matplotlib;python
Cant close kivy app in windows after error;python
How can I detext dark text in a black background;python
QGraphicsView.fitInView() not working as expected;python
What problems can arise from a Spark non-deterministic Pandas UDF;python
Why does Celery periodic tasks fire a function only once;python
Sum of K distinct Integers in python;python
Best way to print Jupyter notebook slides? How to put a page break?;python
Outputting height of a pyramid in Python;python
Create a python like list in c++;python
"Django static images aren&#39;t loading with variable";python
Find physically closest element in a dict;python
How do I select an item from dropdown in selenium using python?;python
How do I remove rows which in part contain a string in a Python dataframe;python
Print the day of the week provided the month and date;python
Python split function and array;python
how to deal with discrete variables in datasets?;python
Extract time using regex;python
How Do I Move My Image Inside My HitBox? Pygame;python
"UnicodeDecodeError with the &#39;Device Detector&#39; module on a Python web application, but it works fine in the terminal";python
How to add third party java jars for use in pyspark;python
How to convert IPython notebooks to PDF and HTML?;python
"Getting today&#39;s date in YYYY-MM-DD in Python?";python
Issue with Intercepting and Replacing Downloads on the Network;python
"After adding Access-Control-Allow-Origin still receiving No &#39;Access-Control-Allow-Origin&#39; header is present on the requested resource";python
Conditional join in pandas dataframe;python
Could not install pytorch to my anaconda virtual environment;python
How do I pass variables between functions in python;python
How to pass a 2D array and vector from C# to python?;python
Instead of printing the message, it returns the message.The calling line can print the message, or do something else with it if needed;python
Elegant way to encode a list of lists;python
"function finds all matches for the letters &quot;a&quot; to &quot;z&quot; in an input string if followed by another character";python
Python pandas DataFrame: convert local UTM time to GMT using longitude;python
How to handle attributes with different shapes to train a neural network;python
Dash range slider with input on each side;python
Pyplot: How to make a colorbar with a nonlinear scale?;python
Python Pandas DataFrame: untack sort the multiindex unexpectedly;python
"What does &quot;TypeError: cannot unpack non-iterable NoneType object&quot; mean?";python
DSaaS Adding Global Rule with Python;python
"scrapy pipelines.py file - &lt;class &#39;RuntimeError&#39;&gt;: generator raised StopIteration pylint(astroid-error)";python
ValueError : I/O operation on closed file;python
Inscribing Plot in the console;python
Performance difference between for and while loop in Python;python
"Can&#39;t figure out how to make background scenes run in Pygame when &quot;levels&quot; change";python
How many boxes can we put to the big one?;python
Pairwise row match of tables in Python;python
"Google Colab giving a &#39;FileNotFound&#39; error when file is in drive";python
TypeError: object.__init__() takes exactly one argument (the instance to initialize);python
"can&#39;t see log from python function execute from BashOperator - Airflow";python
I made Class Object inherit Class Turtle. Getting AttributeError;python
"Selenium Expected Conditions - possible to use &#39;or&#39;?";python
How create decorator inside a class?;python
"AttributeError: &#39;module&#39; object has no attribute &#39;urlopen&#39;";python
how to get all records after the minimum in pandas data frame;python
Minimum of disconnected sets of points in a matrix in Python;python
I have included the images of error i am encountering;python
How do I check if a date in my range is in my csv file containing a column of dates;python
"Overwrite &#39;Personal info&#39; field in the admin/Users?";python
Is there a good python package that uses both year and name to predict gender?;python
How can I save excel work sheets in a single workbook as workbooks with their data in python pandas;python
How can I get a python function that uses Zbar to work in AWS lambda?;python
why is my dictionary list not importing to another module;python
mysql terminal syntax error when showing databases;python
How can i have index.html be produced by a cgi script?;python
"What are the risks of overriding a scrapy.spider&#39;s __init__ method?";python
Replace outliers in a mixed dataframe with pandas;python
Python: set python2 as the default after installing python 3 with anacoda3;python
How to download/save images from a csv file using url into specific created folder on my local Windows Machine?;python
Append item in a extended way if the item is not equal to the first item. With a while loop;python
Add a white background to colorbar in matplotlib;python
Linear regression print predicted value;python
run through each row of a particular column (multiple) and compare the condition and display the count in pandas of an excel sheet;python
Kubernetes and Dask and Scheduler;python
"pkg_resources DeprecationWarning for use of &#39;..&#39; in resource path";python
install alphacep(VOSK APİ) Python;python
How to get rid of line breaks and fill box with text/text wrap in python GUI;python
Trying to locate and delete string in listbox in Python tktinter;python
ros2 python (rclpy) : Pass arguments into entry point;python
"Getting error Invalid type for parameter Item, value: type: &lt;class &#39;list&#39;&gt;, valid types: &lt;class &#39;dict&#39;&gt; while loading S3 to DynamoDB";python
Table level formatting on pandas to html styles;python
Changing a value in a django template when a condition is fullfilled;python
How to select the value of a searched text in PDF using Python?;python
Looping through ValueErrors in python3;python
Pyspark Replace DF Value When Value Is In List;python
downloading a CSV with wget;python
Organizing elements in list in order;python
Retrieving Keypoints from cv2.cuda_ORB.detectAndComputeAsync;python
Discrepancy PyCharm - Google Colab;python
Fix ssl.SSLError: [SSL: WRONG_VERSION_NUMBER] wrong version number (_ssl.c:1108);python
How to customize dash parameter when NaNs present;python
"How to install conda packages with &quot;conda list&quot; output txt";python
Extraction of docx file content with a specified start and end using python;python
Add multiple values in a row of a dataframe while iterate trough a list;python
Calculate st.dev and mean for lists of lists with 1 value or 0;python
Rotate a matrix by 90 degrees;python
Hierarchical Linear Regression with N-dimension sample;python
"Draw &quot;DBGS&quot; in Turtle Python";python
Plotly: Hoverinfo problem when hovermode is set to x unified;python
Why these two operations act different? Numerical result out of range, python;python
Tkinter boot up window;python
How to read only selected lines in a csv via pandas;python
pycharm: not recognizing local python files;python
Python - Django - pyexcel-xlsx - Could not able to import the Data from Two different sheets into two Models;python
How to interpolate using IDW for GIS data in python;python
Heroku Django Images not loading;python
Problems installing the right version of Python;python
How to call class attributes for a child class;python
Regex troubleshooting, unable to ignore specific character using atomic classes;python
Search list of tuples according to first element and get list of second element values;python
How to stop window jitter;python
Confusion with using Mypy with class inheritance - List vs Sequence;python
How do I extract numbers from a program and put them in a list?;python
Extract value from dictionary - modifying it;python
How can I compare 3 dates using Django?;python
Is there an issue with the metpy.units function?;python
Missing dill was found using pyinstaller to compile executable file;python
The python version update in anaconda took up too much disk。;python
Openpyxl - Transfer range of rows from a worksheet to another;python
Unable to open HDF5 files in Python;python
Adding a if condition in a custom loss mse function;python
Python program executes when run from command line but not when exectued through another Python program using paramiko;python
Out of stock checker;python
How to start uvicorn with systemctl?;python
Averaging velocity inside 2D x,y boxes using Tuple;python
"np.arange or np.arage ? Error:module &#39;numpy&#39; has no attribute &#39;arage&#39; when using plot_confusion_matrix";python
Python - How to decrease big O and increase efficiency in multiple nested for loops?;python
sqlite3 update with variables;python
Do some websites hide HTML from web scrapes?;python
How do i query for comment in Django;python
Element search by path with attribute name and Replace values in xml using Python;python
Can we change an Entry into an object?;python
Python3 Print is not overwriting current line in some terminals;python
More memory and velocity efficient way to read in and save images?;python
Ghostscript not working with Popen or check_output;python
Python3 commmands not working in my virtual environment;python
Accessing attribute from another class from another module;python
Write dictionary to text file with newline;python
Pandas sample() with conditions;python
Displaying python 2d list without commas, brackets, etc. and newline after every row;python
Save Django Model Form and refresh after selecting a Foreign Key Object;python
jasper reports server?;python
post request returning an error wtforms flask_sqlalchemy;python
How do I read a zipped TSV file to dataframe on Databricks?;python
pandas reading csv file with dates and data;python
OSMnx: angle between nodes;python
Python subprocess error : Pass input to terminal using stdin;python
"TypeError: unorderable types: tuple() &gt; int()";python
Read files located in different directories inside a project;python
Loop through files in a folder one by one;python
A scheduled task to a discord bot in python fails to do its job;python
How to convert a excel file to base64 and then convert it back to excel?;python
Finding immediate smaller than X;python
String Matching Using TF-IDF, NGrams and Cosine Similarity in Python;python
Tried implementing Gradient Descent;python
"name &#39;WorksheetNotFound&#39; is not defined";python
Selenium will open chrome tab but not find URL;python
Search across multiple data models in Django;python
Pyinstaller standalone executable cannot find ui file defined in spec file;python
Need to Optimise my BFS Algorithm for Path Finding;python
Finding the newest files in multiple folders and send them to other folder;python
Passing current_user from Flask-Login to Plotly Dash app;python
Dictionary sorted in reverse alphabetical order and max score printed;python
Check if image file matches the image in a given link;python
Python ReportLab PDF Report: how do you print to previous previous pages?;python
Passing a dictionary key value in payload for a python request API;python
Submitting binary data as a file via post request;python
How to pretty format the printing of SQL Queries in SQLAlchemy?;python
scrollBy() invoked through execute_script is not working on chrome store page using Selenium and Python;python
how to form a cross pattern of one between zeros using numpy;python
ValueError: Length of values does not match length of index in nested loop;python
Tkinter Matplotlib and Thread;python
"&#39;str&#39; object is not callable when looping defined code";python
How to send a Background Image in a Window;python
Difficulty parsing PDF files, using pdfplumber;python
"Getting the content of a &lt;p&gt; tag inside a &lt;div&gt; class=&quot;some_class&quot;&gt; tag using Beautiful Soup in Python";python
PySide2 - How to plot chart to the newly created tab?;python
How to combine 2 dataframes, using the dot product;python
Tensorflow data: How can I produce a (image, label) map dataset and a (class weight) map dataset to feed a tensorflow model?;python
Using Pandas, how to read a csv file inside a zip file which you fetch using an url[Python];python
Executing NAO Choregraphe timeline in python;python
Combine two dataframes with two common columns - python;python
MRO error in PyQt5 when using multiple inheritance;python
"Splitting a sentence below a specific &quot;space&quot; character with regex in Python";python
xml.etree.ElementTree.ParseError: junk after document element;python
Slicing Numpy Array by 2 index arrays;python
This happens when I try to run bot for longer then an hour at a time (reupload);python
How to write custom commands in shell;python
Plotly displays discrete colors instead of a colorscale;python
Iterate over a list in pandas;python
Using Python, how to download multiple files from FTP directory server to our local machine into our desired directory.?;python
Unable to import scrapy;python
SyntaxError while importing Office365 from shareplum;python
How to detect subscript numbers in an image using OCR?;python
How to scroll through data being displayed on a Tkinter Window?;python
How to extract a digit from an image with numbered grid opencv;python
How to print a hollow left triangle shape in Python?;python
Pulling variables out of functions in Python;python
Pandas read_csv error while using to_dict;python
Filter Posts which are posted within a three month ago in flask sqlalchemy;python
"Can&#39;t open RAR files on python with rarfile and unrar (running OSX)";python
Unable to work with Cluster_Ensembles library;python
"Flask_marshmallow, SQLAlchemy. &#39;Marshmallow&#39; object has no attribute &#39;ModelSchema&#39;";python
Domain for Many2One field not working in odoo;python
Getting Bad Images After Data Augmentation in PyTorch;python
Maximum volume inscribed ellipsoid in a polytope/set of points;python
"Robotframework + Chrome v.80 &quot;fake&quot; button clicking";python
VS Code: SyntaxError when debugging module with relative import;python
Environment Variables in Fabric2;python
Adding tuples inside a list into rows using openpyxl;python
K means clustering wrong;python
Same value for Keras 2.3.0 metrics accuracy, precision and recall;python
Combination with multiconstraint in Python;python
How to solve this best_estimator_ error caused by GridSearch?;python
Python Converting picoseconds and femtoseconds not giving the right time in seconds;python
Pandas extractall merge;python
"How to use python to web scrape a website which doesn&#39;t store data in a good way?";python
Python Mixed Integer Linear Programming;python
Unable to send POST request using Flask test client;python
Python: Combining two functions;python
Plotting Results from For Iteration;python
"Why Don&#39;t Long Text Files Work in Spyder?";python
VS Code no Python unittest tests discovered;python
Dynamic __len__ for Tensorflow sequence-extension?;python
how to use API for a noob with no experience at all;python
Always getting a 404 while testing DELETE method in flask/pytest;python
Parse currency into numbers in Python;python
Read file to determine the rules;python
"dash app refusing to start: &#39;127.0.0.1 refused to connect.&#39;";python
Pass Dataframe Substring Column value to UDF (PySpark);python
GPU not available according to TensorFlow;python
Traceback while importing Beautiful soup;python
Concatenate groups of multiple dataframes;python
Merge with Rasterio in Python 3.7;python
Kernel died when running tf.estimator.BoostedTreesClassifier;python
"Python &amp; Numpy - how to remove the last 2 digits of each number/element?";python
How to write an expression to a file?;python
How to copy everything on an excel worksheet to another workbook in Python;python
misaligned values on bar graph;python
I need to make a time based scoreboard work better;python
Intervalindex merging in Pandas through duplicate dates + uniqueID;python
using imagedatagenerator in Keras to add more training dataset;python
Matplotlib Colorbar change ticks labels and locators;python
How to get a clean screenshot?;python
"Running python script in Laravel Controller: &quot;sh: 1: python: not found &quot;";python
"KeyError: &#39;m&#39; when building a codon alignment using Bio.codonalign";python
Raspberry Pi Acces Point - How to connect to port 80 of client;python
SOAP list of strings to xsd:string[] with zeep;python
"Can&#39;t stick widget with tkinter";python
update Kivy progressbar by gpio;python
Refreshing pytest fixtures in first test during custom scenario runner;python
add multiple components to html.Div in loop;python
"Redis - Can&#39;t get the list elements in the database";python
Python: How to efficiently combine a DataFrame column of collection.counter objects?;python
Anaconda Integration with Cuda 9.0 shows Incompatible Package Error;python
How to compare two excel files and write in third with Python?;python
Modules are not importing inside render process in electron;python
How to log messages from different threads to different files?;python
Extract complete table from PDF using tabula in python;python
Pytorch: weights not updating;python
How to calculate in RDD PYSPARK total sales price for each specific line;python
How to fix StaleElementReferenceException in selenium python;python
How to update/change values in a text file in python;python
Python: How do I output all the text contents of a directory containing .txt files as a list?;python
Detect a ellipse of an low contrast image;python
Using Twain Module in Python;python
How can I pass a list as a command-line argument with argparse?;python
"Set NaN when mean divisors aren&#39;t enough";python
"Where can I find source code for Python&#39;s `os.waitpid`?";python
How to convert a tensorflow model to protobuf model?;python
Can the results of dbt test be converted to report;python
Streaming output from Python script using Popen.stdout.readline(), does not streaming, but output all at once;python
Delete rows and cols from exist workbook sheet;python
While loop not updating the variables after first loop;python
"How to use SimpleITK &quot;LabelOverlapMeasuresImageFilter&quot; to extract measures on Python using NiftiImages";python
How does the class of Object retuned by python in-built function Iter() look like?;python
"Getting started with Sphinx when your source files aren&#39;t in the project base folder";python
One by one task using django, celery and redis;python
Can an output variable be used in Supervised Learning if it has been calculated from other variables in the dataset?;python
How to combine two python scripts in order to plot the outputs?;python
"How to properly serve a Django application throught Twisted&#39;s Web server?";python
Function with two equations for different domains;python
Mapping a matplotlib plot to a variable;python
Writing create_tree_digraph plot to a png file in Python;python
How to handle empty pandas dataframes gracefully;python
Is there a way to find/detect the middle of two pixels, or two lines created by opencv?;python
What is the difference between a Tensor and a DataSet in TensorFlow 2.0?;python
"TypeError: a bytes-like object is required, not &#39;range&#39;";python
Anova Analysis Python_Urgent;python
How can i Extract individual values from a two Ordered Dictionaries combined?;python
socket.gaierror Name or service not known;python
get the actual instance before updated django signals;python
How to properly implement hill climbing to solve the n-queens problem?;python
Kivy : Error weakly-referenced object (in a clock function) no longer exists;python
Concatenating audio and video files without encoding using ffmpeg;python
"Unable to import &#39;scrapy&#39; pylint (import-error)";python
Using Numpy in Django;python
Python class declare by passing variables;python
Why is inference using tf.keras 75x slower than using TFLite?;python
Generate a Flattened PDF?;python
Apply a lambda function to a dataframe with NaN values?;python
Converting arithmetic sequence to slice in Python;python
Export html table to excel with a download link;python
writing print output to csv selenium;python
Getting an Error in Pytorch: IndexError: Dimension out of range (expected to be in range of [-1, 0], but got 1);python
Get list of true positives, false positives, false negatives and true negatives with tensorflow;python
Parabolic SAR in Python....PSAR keep growing instead of reversing;python
Adding a tab bar to an existing program;python
Using TimeseriesGenerator in loop for multiple time series;python
How to make specific records in tree view and form view not editable in odoo?;python
Generating isotropic steps with lengths distributed as exp(-x/lambda);python
Pythonic and efficient way to find all the different intersections and differences between two lists of arrays;python
Pandas - Improve Performance of apply method;python
"pygame load mp3 &quot;unrecognized audio format&quot; after upgrading to version 2.0.0.dev8";python
How can I crawler website with a changed cookies parameter by a click event;python
Stopword does not want to be deleted in python;python
Avoid PyCharm Type-Warning when using typing.NewType;python
How to add a secondary (redundant) x axis on a matplotlib figure;python
Python 3.6.8 LDAP3 list group and members;python
sum values of columns starting with the same string in pandas dataframe;python
Join two dataframes - Python;python
Make json file from html table;python
Better way to perform regex find all;python
How can I access data provided to HTML template from Python flask routing in my JavaScript code?;python
With mozilla/TTS are other pre-trained model voices available?;python
How to remove axis ticks in matplotlib line chart?;python
Unit test Theories in Python?;python
Swap specific chars in python;python
Writing Custom dataloader for Cycle Gans in pytorch;python
PyMongo json_util.dumps overwrite ObjectId representation;python
Django API test: expected status code 200, instead received 301;python
SqlAlchemy query taking a long time;python
Is there any function in OpenCV to calculate per block motion vectors for two images?;python
Python split list into n chunks;python
Python: OS calling sequence for multiple commands;python
Downloading mutliple stocks at once from yahoo finance python;python
Pandas - How to Extract Headers Which Are Contained Within Each Row?;python
Copy approximate string matching from excel to another excel file using python;python
"Python - Convert List Of Dictionaries &amp; Key Values To String";python
Issue using bash/xlsx2csv to iterate through files converting from XLS to CSV;python
Bokeh (python) interactive plot : How to toggle show/hide labels and edges on click?;python
Error in the code while working on sale prediction data;python
YOLOv3 vs SSD in object detection;python
Script search through files returns no output;python
Django Multiple Forms and one view;python
Adding comment - redierecting to wrong page - get absolute url is not working;python
Learn Python the Hard Way ex43 compile errors with Death and return;python
"django error on migration: &quot;There is no unique constraint matching given keys for referenced table";python
python multiprocessing - process hangs on join for large queue;python
Remove duplicate approximate word matching using fuzzy python;python
Tensorflow normalizing output with tf.math.tanh always returns either 1 or -1;python
Question About numpy mean and handy average;python
Why does PyCharm use 120 Character Lines even though PEP8 Specifies 79?;python
screensize of turtle in python;python
Instagram automation with Python and Selenium: Fit image to screen instead of annoying square format;python
Find the next date-time multiple than 5;python
Extract specific portions in html file using python;python
Finding if two lines of text are within 80% similarity of each other - Python;python
How to upload TXT files to Google AutoML Natural Language?;python
Scraping sitemap index URLs for status code with Beautiful Soup;python
Faithfully Preserve Comments in Parsed XML;python
How to call Binance /futures/data/openInterestHist Market Data Endpoint?;python
Apscheduler running jobs concurrently in Flask;python
"Converting &#39;no&#39; and &#39;yes&#39; into 0 and 1 in pandas dataframe";python
"How to change format of a string in a column to 3 digits &quot;000&quot; in Python";python
Problem setting up pypy3 as a kernel for Jupyter Notebook;python
is a while loop required for every user input that needs to be validated?;python
list of all classification algorithms;python
Convertapi module launch multiple tkinter instances when called;python
How to interpret matchtemplate output? (openCV, Python);python
How can I distribute values between several months in pandas?;python
How to get all relevant fields from a XML file into a pandas dataframe in Python using xml.etree.ElementTree?;python
Is sklearn a default package in anaconda base(root) environment?;python
Tensorflow 2.0 augment data on-the-fly, but save the homography as ground truth;python
Cannot install pygame;python
Input field of django form not showing;python
What does axis in pandas mean?;python
Tool tip analysis with Opencv;python
"Why does &quot;face_recognition&quot; package in seperate thread slow down the UI thread?";python
Generating a Strongly Symmetric Matrix in Numpy;python
"Django model&#39;s attribute to dynamic change default value of ImageField";python
How to adjust sunplot height according to y-value of plot;python
Delete data which is not on in the coordinates of a shapefile;python
How do I make my code print the values relative to the buttons pressed?;python
Dash Cytoscape callbacks not working after refresh in a Flask app;python
Job for etcd.service failed when install tensor flow server model;python
While working with Xarray and holoviews how do I change the shape of my xarray to plot the spectrogram for the whole file?;python
Run python script in jenkins;python
Tkinter Entry to store into a variable returns nothing;python
Python Flask: Just Upload the first n lines of a huge file and then stop the upload, continue with those n lines;python
How to convert df with multiple observations per id to single observation with pandas?;python
"&quot;A problem occurred in initializing MCI&quot; playsound issues";python
"FileNotFoundError: [Errno 2] No such file or directory: &#39;testfile.txt&#39;";python
Coin streak not working. Is it because of the nested ifs?;python
How to correctly decode window path in python;python
Could somebody help me figure out the error in my code? (Python basic GUI);python
Python Selenium - href link is not clickable, no matter which approach I use;python
"Python: Regex doesn&#39;t find match";python
Two sample t-test for every individual row in Python;python
Recommendations for clustering/tagging of short and domain-specific texts;python
Constrained Optimisation in PSO Python;python
Multiprocessing and Tkinter GUI not responding;python
Replace values from YAML in JSON file - Python 3;python
"Converting Pine Script to Python ;- Panda Dataframe Error";python
"&quot;Function&quot; has no attribute?";python
understanding level =0 and group_keys;python
"Can I define both function&#39;s argument&#39;s default value and data type in python?";python
Python and pip versions are different and potentially causing problem;python
Integrate Python code from Spring Boot project;python
How can I get the sum of values in a pandas column that meet certain conditions?;python
python tkinter why icant use frame.grid_forget();python
How to flip image in python tkinter canvas without PIL?;python
How to update a global counter;python
Compare XML tag value vs JSON tag value from two lists for two given paths in python;python
Groupby a part of the string in pandas;python
How to run pytest on python script from stdin;python
Paramiko recv(...) is stuck;python
Fastest Way to check if all values in a numpy array are identical? ( Numpy );python
Export Dataframe table as PDF filedialog;python
Python - How to extract content inside XML tag and get tag position?;python
3D plot with Trisurf : Add Colormap;python
"MongoDB - how to filter data in the aggregate query when there is an array instead of string and I can&#39;t use it in match method?";python
How to close connection with the azure service bus queue?;python
React does not re-render updated array state;javascript
Keep track of scope in AST using acorn-walk;javascript
How to post a form data with array to an API with Joi array validation;javascript
How to overlay a bootstrap grid on top of an image?;javascript
Filter mapped over data with checkboxes in React;javascript
Passing PHP array from external php file to script tags on the main page;javascript
SameSite properties not there when inspecting cookies on Safari;javascript
Modal window File Upload button does not show file name, it gets over-written;javascript
Scroll for x pixels inside a horizontal div after click on button;javascript
Reduce numbers with a minimal cost;javascript
Why is the `dataTransfer` method returning null for cloned objects?;javascript
how to get multiline data on separate row i;javascript
Import js file into Vue.js project;javascript
LRU cache implementation in Javascript;javascript
Send message four times;javascript
Javascript convert short date number to javascript date;javascript
Issue with Apple Pay integration in iframe;javascript
Why is my counter always equal to zero even after the correct radio button is pressed?;javascript
Write jest unit testcases for exception handling getting issue on while run;javascript
How to set Token[not JWT] in headers in angular 2+ getting response as forbidden but in postman getting success res;javascript
CollectionFS and CFS-S3 Meteor small help needed;javascript
Is it possible to un-babelify (un-transform) a single page JavaScript app built with Babel?;javascript
How to create/postmessage to web workers in an array;javascript
Organizing buttons in div using only JavaScript;javascript
How to add an element if a div is clicked but remove the same element from the others?;javascript
html2canvas/jsPDF - images not showing when converting html to a pdf;javascript
Testing an observable on a service property using jasmine.SpyObj - Angular/Jasmine;javascript
Disable browser history stack or force reload on back()/forward();javascript
how to verify login user token in ReactJS?;javascript
Can the effect of physical click always be achieved through javascript events?;javascript
"Is there a callback after an element&#39;s css style has completed transition?";javascript
Creating Dynamic Routes from data NuxtJS;javascript
Does Passport js Google auth make sense with JWT?;javascript
How to add key and value on array object in javascript;javascript
How to change js URL object pathname and protocol properties?;javascript
How to use placeholders with CONVERT in SQL?;javascript
Smallest Common Multiple: Intermediate Javascript Algorithm;javascript
call method from a created object from an event listener;javascript
"Error: &#39;import&#39; and &#39;export&#39; may only appear at the top level when I reworked small part of REACT code to REDUX";javascript
Why Vue .sync command not working in router view?;javascript
"Drag &amp; Drop from email to a javascript component";javascript
Is there a better way to do this based on a HTMLmenu?;javascript
How to preload css called in JS;javascript
Using an array as a dependency with a React Hooks useEffect;javascript
"Game froze in &lt;canvas&gt; js";javascript
Select2 selects the first option automatically with tags = true;javascript
Chart js animating a line while changing x-axis labels and Loops;javascript
jQuery and HTML how to use storage in a dropdown menu;javascript
Display a list using express handlebar based on input;javascript
JS code malfunctioning in chrome extension;javascript
"Lock the value of a cell after first edit script running and don&#39;t update the cell value for other edits";javascript
Passing Video File Input to p5js Canvas;javascript
replace javascript by jquery each() function not working;javascript
"Increase map zoom doesn&#39;t work after fitBounds call";javascript
Javascript: A byte is supposed to be 8 bits;javascript
FlickityCall - prev/next event programmatically;javascript
regular expression add double quotes around values and keys in javascript;javascript
React Hooks: useState with onClick only updating the SECOND time button is clicked?;javascript
"adding class with jquery doesn&#39;t work as intended for dashboard icon";javascript
Ember.JS concurrency task, perform() is not a function;javascript
How can i take n number of input in an array in python,javascript;javascript
Angular pipe for nested arrays and objects;javascript
Javascript: append to an array not working;javascript
Multiple values React Select ValueContainer depending on whether input is focused;javascript
Standard method of getting containing box?;javascript
How to excute code after form validation within Google Tag Manager constrictions?;javascript
Angular4 - Change style of header on scroll past 300px;javascript
Configure Xampp Apache and React JS to work together;javascript
VueJS sever-side-rendering: computed property not seeing changes in store;javascript
HTML Using this.parentNode.querySelector;javascript
socket io client lost conection when server restarts;javascript
"Manufacturer -&gt; Model chained select, data pulled from JSON. How to tie in to existing refreshSelect function?";javascript
How to find if a specific key is true in Array of objects;javascript
Permutations in JavaScript?;javascript
Chart JS grouped sub labels;javascript
How to Dynamically Fetch Files with WebPack and Exclude Directories (node_modules);javascript
NuxtJs login works but unauthorized 401;javascript
JavaScript serviceIsBusy error OnSave of CRM form?;javascript
CORS preflight response did not succeed;javascript
My image disappears when I change the rotation CSS property;javascript
How to correctly style and apply hover for infinitely nested nav in React?;javascript
x is not a function... but it is;javascript
"NodeJS program processes 3 files of 28 and then stops with the output &#39;Aborted&#39;";javascript
Replicate video timeragnes creation;javascript
Unable to tab to the accordion;javascript
How to Configure hosting behavior in firebase.json to rewrite URL?;javascript
Working cross-browser with the Speech Synthesis Javascript API in 2020;javascript
Web Bluetooth: how to check if bluetooth is enabled with javascript?;javascript
Is there a way to whitelist your site for turning dark without turning light mode settings, when device is on dark mode.?;javascript
Memory Game - hide img - jQuery;javascript
Use Javascript function to span class that is in that particular class the button was clicked;javascript
Image getting cut off from top using html2canvas and JSPdf;javascript
Passing jQuery data table row as argument to JavaScript function;javascript
Vue.js open bootstrap 4 modal without jquery;javascript
jquery draggable elements cloned and static;javascript
Angular 2+ retain form array values when adding new form input field;javascript
How to make a simple show/hide button work?;javascript
"onclick=&quot;doSomething([object Object])&quot; Uncaught SyntaxError: Unexpected identifier";javascript
JavaScript file not updating no matter what I do;javascript
GSM javascript email sender for internal use;javascript
Is there a better way to wait for a user action when doing Async promises?;javascript
How can I refactor this Javascript code to make it more modular and concise?;javascript
Passing HTML input value into Ajax and back to Views.py?;javascript
"How to detect and capture the changed(updated) price from within &lt;span&gt;price&lt;/span&gt;?";javascript
Is there away to target siblings nodes in a NodeList ? If so, how;javascript
How do I share information between functions on Firebase realtime database;javascript
Extract number with commas from string;javascript
HTML Forms Data Write To Local File;javascript
Creating agnostic cards outside inline editor using dialogflow;javascript
Regex validate PIN code JS;javascript
React - Added Query Parameter getting disappeared after payment gateway redirection;javascript
How do I resolve RequireJS nested modules time out error;javascript
async / await with socket.io;javascript
Vue quickest way to disable and remove value from checkboxes;javascript
How to check if a user has stopped typing in an input field?;javascript
Check pages already created in Gatsby;javascript
How to get the top card of a trello list;javascript
Split sentence into words according to it language correctly with JavaScript;javascript
Keeping placeholder on react-select;javascript
Call multiple functions onClick ReactJS;javascript
html5 draggable hide original element;javascript
Iterate over DOM elements and dynamically add data-attributes;javascript
Print message on expect() assert failure;javascript
Passing Mongo DB Object DB to Express Middleware;javascript
Implement pull to refresh FlatList;javascript
D3js legend goes crazy;javascript
Slimselect: selecting second option after searching not working;javascript
Rotating logo on scroll wordpress;javascript
temporaly remove cluster when show popup with leaflet;javascript
TypeError: element.forEach is not a function;javascript
Cannot get access_token from reddit using web app;javascript
Is it possible to get data from other browsing contexts?;javascript
Rxjs filter observable with array of filters;javascript
Creating a text highlight in the background using javascript at give start and end indexes;javascript
"Can&#39;t get rid of header X-Powered-By:Express";javascript
Insert years dynamically to Morris Area JS;javascript
How to disable iframe console.log in React;javascript
Facebook authentication via Facebook in-app browser;javascript
defaultAnnotations Prop only working when I hard-code the data - React Annotation Tool;javascript
React-Sidebar: Button is unclickable when moved outside props.children;javascript
"What happens if i don&#39;t use jquery CDN slim package of bootstrap v4";javascript
"Using D3 in React without svg for table rows arn&#39;t rendering";javascript
Javascript 3d array push;javascript
How to disable the backspace key in textarea after spacebar is pressed?;javascript
How to improve filtering for large array of React Elements?;javascript
How to set @Input variable as an optional in angular 5?;javascript
Why does my JavaScript date show wrong day of the month?;javascript
"TypeError: Cannot read property &#39;param&#39; of undefined";javascript
How to fix this json email pattern;javascript
Apollo Queries triggered and causing rerendering in useContext on URL Change;javascript
React - this.state.map is not a function;javascript
Replace commas, full stops, hyphens, and spaces with underscore;javascript
How do I retrive Quill text editor text using Delta;javascript
Django serve Angular throws empty page and doesnt load static files;javascript
Clear localStorage on logout;javascript
Removing the class name in javascript from array;javascript
Firebase Admin SDK not updating password as expected;javascript
When viewing an image in a browser window full screen how can I navigate to the next image and stay in full screen?;javascript
How to map array with another array of object and replace an first array elements with another arrays object value;javascript
Removing Event Listener - Do I need to pass the exact same anonymous function?;javascript
Javascript canvas drawImage results in blank? -revised-;javascript
How to adjust the image brightness in the edge browser;javascript
"In meteor, I am trying to access the value of a &lt;select&gt; option when the user changes it";javascript
Convert string[] coordinates for use in GMAPS;javascript
IndexedDB - new version of database;javascript
create a pdf with jspdf and html2canvas with multiple divs - error;javascript
How to send a screenshot by email?;javascript
How to create the same code in php as in js?;javascript
"Ionic AngularFirestoreCollection Property &#39;id&#39; does not exist type &#39;QueryDocumentSnapshot&lt;Todo&gt;&#39;";javascript
How to simultaneously debug javascript and flask web framework in Pycharm?;javascript
How to insert different text message in HTML with an event listner attached to radio buttons;javascript
How to refactor reduce with array value;javascript
How to apply fade animation or any other animation from display none to display block?;javascript
Increase img size and height onclick;javascript
Writing to Firebase Storage directly fails sometimes;javascript
how to share .env values from root component project to mutiple reusable npm installed components;javascript
Summing two ordered arrays of accumulative object values over time;javascript
"Summernote Failed to execute &#39;appendChild&#39; on &#39;Node&#39;";javascript
Adjust Site Display To Device Scale (100%,125%.. or S/M/L ..);javascript
Premature end of file error in XML Request;javascript
Prevent wheel down to paste selection into stay-in-focus text field;javascript
Running chutzpah on server using chrome;javascript
putting 2 get virables inside a li element;javascript
Getting Confused with Date time behavior in Java script;javascript
Using one query to look up multiple tables with one input;javascript
"jQuery UI - after download, jQuery doesn&#39;t work";javascript
How to add or remove a className on event in ReactJS;javascript
Checkbox need to be checked based on string values;javascript
New Developer trying to run task on Django without page reload. Possibly Alpine.js;javascript
A dotfile that will set the default node version on a project using nvm?;javascript
How to keep CSS from render-blocking my website?;javascript
Google Apps Script Calendar Service: Process many events in chunks: How to programmatically trigger next function run to continue with next chunk?;javascript
message.guild.createChannel is not a function;javascript
Close all forms with a button in Django;javascript
How to save HTTPS post response to global variable in Node;javascript
JavaScript quiz application , that adds question and options to available array of objects;javascript
How to get content of HTML body with javascript?;javascript
"VueJS Laravel - Uploading image using Axios post error: &#39;The given data was invalid&#39;";javascript
Having 2 possible cases in regex;javascript
displaying children in vue menu list;javascript
Laravel Echo + Socket.io, Access from other devices?;javascript
Updating state of a react function component from parent class;javascript
How can I apply CSS code changed by JavaScript while in a loop?;javascript
Recursively extract contents of (nested) parentheses in string;javascript
Why is JavaScript RegExp not working in Firefox?;javascript
If the element belongs to an array Firestore;javascript
How to change one of the state object value correctly with useState React;javascript
"The method zoomToMapObject(ev.target) doesn&#39;t zoom to USA";javascript
how to call js method from rails;javascript
Web Scrapping Discrepancies;javascript
"&quot;User has not allowed access to Windows Location&quot; error in browser for React JS application";javascript
Web Scraping of dynamic paginate value using C#;javascript
Datatable Jquery when it is invisible and becomes visible breaks the thead;javascript
JavaScript: Create and save file;javascript
Passing AJAX response observable to SAX parser in chunks;javascript
"Error: Failed to lookup view &quot;index&quot; in views directory &quot; when submitting doc";javascript
React Bootstrap Table - Trying To Fill Page With Equal Column Width;javascript
Automaticly smooth scroll down page;javascript
Get notify on session expire [Node.js / Express session];javascript
closing div script in the tag of google ad manager;javascript
Javascript Visual Studio 2019 Compiler pipeline access with C# code;javascript
Google APIs Issue;javascript
I am removing class and setting another, but it is not happening?;javascript
Escaping JavaScript special characters from ASP.NET;javascript
Defining a default vuetify custom icon;javascript
"Add a custom button to the Quill&#39;s toolbar (and integrate it also on the PrimeFaces Text Editor)?";javascript
How to integrate ePadlink VP9801 signature device with AngularJS;javascript
Exchange an element in a js array by index;javascript
How to do internationalization/localization using MS Fluent UI;javascript
"What&#39;s the use of the method &quot;of()&quot;?";javascript
How can I add a key/value pair to a JavaScript object?;javascript
Display Data on Dialogbox without reloading page;javascript
"Error while I&#39;m trying to debug in vscode";javascript
Slide animation after changing displayed gallery set without jQuery;javascript
How to disable arrow keys?;javascript
.net core 3.1 mvc Controller action being called twice;javascript
"Why does &quot;true&quot; == true show false in JavaScript?";javascript
Track if two functions have been executed;javascript
"How to stop NodeJS &quot;Request&quot; module changes request when using proxy";javascript
How to use React Component inside old html/js/jQuery Application;javascript
is there any way to instead of using a keyboard key, use a button on screen?;javascript
How to mock a POST request correctly with no data in the response with chai/mocha?;javascript
node.js new element add and remove;javascript
Firestore SDK cannot mock DocumentSnapshot;javascript
Blob download is not working in IE;javascript
How to use observablehq D3 graph in React project?;javascript
How can I loop through my JSON data using javascript?;javascript
Why Vue web component styles are not working?;javascript
Vue.js data in HREF through PHP;javascript
Custom header Apollo NuxtJS;javascript
How to live search a paginated table;javascript
How to get body / json response from XHR request with Puppeteer;javascript
Check from where an iframe has been loaded: web, android or ios;javascript
File type data not getting in the process page;javascript
"Puppeteer error when using page.evaluate: TypeError: Cannot read property &#39;innerText&#39; of null";javascript
Cannot access vuex state inside a function;javascript
trying to run a common jquery function meant for both jquery UI tabs;javascript
"Cannot read property &#39;map&#39; of undefined in react-redux When Delete Item reducer";javascript
"Why javascript comparison (&quot;true&quot; == true) is false?";javascript
Ionic 5 y Mysql API REST;javascript
"Form&#39;s Data in PHP";javascript
How to preview video before upload vanilla javascript no third party libraries;javascript
Opening a new component in child window in IE11 does not work;javascript
how pass the props from one component to another in react-ionic;javascript
ajax call keeps failing despite success on server site;javascript
Multiselect filter react;javascript
locate user javascript return default address;javascript
Event Listeners applied to several divs elements on the page;javascript
how to redirect to page from react modal component;javascript
How to change select element that is neither class nor id in JavaScript?;javascript
Discord.js Issue with Sending a DM to a user;javascript
"nuxt.js axios isn&#39;t sending request to localhost instead of the website url";javascript
Using multiple javascript service workers at the same domain but different folders;javascript
Logic-based permissions (ACL) in Node.js express, not role-based;javascript
Adding Dynamic data to dropdown menu with ajax;javascript
inline javascript only executing in firefox;javascript
Angular 2 matToolTip render HTML;javascript
Modify CSS variables / custom properties in jQuery;javascript
Building a Web page, where and how should I store some string information from an sql-database that is needed later client side;javascript
How can I optimise this css code for not writing same css code several times in html?;javascript
Vue: disable no-unused-vars error: the simplest fix;javascript
How to search in an array of objects, which can also have an array of objects;javascript
"Electron.JS + devtoolsinstaller: &#39;BrowserWindow.addDevToolsExtension&#39; is deprecated and will be removed. Please use &#39;session.loadExtension&#39; instead";javascript
Building a onEdit Data Validation list with a set range for each column [A:O];javascript
How to set callback to execute after all the tinyMCE editors have been initialized?;javascript
Using ES6 features with all browsers support;javascript
Booking system for hotel (laravel);javascript
What are ways to close read/write operations in NodeJS?;javascript
fixing this code to get data from google voice;javascript
"What is the difference between &lt;router-view/&gt; and &lt;router-view&gt; &lt;/router-view&gt;?";javascript
Output data when clicking on a button in the same div in Javascript;javascript
Flickity - New dynamiclly created carousel not initialising;javascript
Reload specific form field with new content using JQuery;javascript
API fetch issue;javascript
Generate unique id or class for the canvas tag eveytime a question is asked?;javascript
Animating HTML Video with requestAnimationFrame;javascript
How to add Google Adsense the static site;javascript
"Why can&#39;t I log the error message returned by Express?";javascript
How to create form post using React?;javascript
React inline style with ternary;javascript
"What&#39;s the most elegant way to reference an object created in function scope and related to an HTML Element later on?";javascript
How to specify wildcards in sonar-project.properties;javascript
"How to add &#39;show all&#39; pages query to an existing URL?";javascript
Create dynamic grid (row and col) for data coming from API call;javascript
Problem with resize to the right side with jQuery;javascript
sending form by js on laravel based bootstrap give me an error;javascript
Ace editor (ace.c9.io);javascript
ASP.NET confirm before executing codebehind;javascript
Play an MP3 on click in NextJS;javascript
How to make a JSON.stringify from a function?;javascript
html css - full size image and view can be zoomed;javascript
Wrapping a function to Delay the Call of that function? (Deleting a Task in React);javascript
How to set element value and run function on load Javascript;javascript
"2nd &quot;screen&quot; blend mode doesn&#39;t work (CSS)";javascript
ChartJS: Position labels at end of doughnut segment;javascript
How can I pass a keypress value to a function, through an event listener?;javascript
activate and positioning a slider price range of booking form;javascript
Send Form data in Email using PHP without refreshing the page;javascript
How to execute code in order in a while loop in Javascript?;javascript
How to create hidden window in background js;javascript
"isotope filter not working (believe it&#39;s to do with data-value)";javascript
how to validate for input type file-size in reactive form;javascript
"React Native - how to use &#39;useState()&#39; in another function";javascript
How to pass headers in axios as secret-key;javascript
"&quot;Undefined&quot; appears on side of document after alert box triggers";javascript
Update sql base through html table;javascript
Detecing mobile browser latest 2020;javascript
How to get array data correctly in javascript from php controller?;javascript
"GDPR: youtube-nocookie embedded URL&#39;s, need visitors permission?";javascript
"What mean `&lt;:` symbol in ESTree AST definition?";javascript
Autocomplete disable for Chrome not working when used together for different controls;javascript
Is it possible to use an SVG Sprite map in Storybook react?;javascript
Using jest to test async function that does not have callback;javascript
javascript can asycn function imported from another file?;javascript
How to bind fontawesome icon name in Vue.js;javascript
"Is there a way to access a React component&#39;s state when importing in a different file (as a library)?";javascript
Determine Type of Kendo UI Control;javascript
Submitting Form on Enter Press;javascript
Create schema using an object;javascript
Javascript Error in Googles code, when using popup picture search;javascript
how do I turn an ES6 Proxy back into a plain object (POJO)?;javascript
.then() of axios.post is not functioning;javascript
Selecting Year, Month and then Date with air-datepicker;javascript
delete button to delete a movie card;javascript
Keep a text field focused despite clicking elsewhere;javascript
Get the number of a specific class from a parent jquery;javascript
This.props.Values is undefined;javascript
How to get jquery autocomplete ui data from database using ajax conditionally;javascript
DIV ID for Modal window;javascript
Alert get calls in window from where new URL window opens but not get called in new URL window;javascript
Angular/RxJS Observable piping from multiple functions;javascript
"Cannot read property &#39;injection&#39; of undefined";javascript
Conditionnally change color on multi-select dropdown;javascript
"Can&#39;t understand the confusing behavior of Date time in Javascript";javascript
How to prevent onBlur from triggering when clicking on the Cancel link of the modal in react?;javascript
When / why did Content Security Policy (CSP) stop blocking bookmarklets?;javascript
Using Cache-first network service worker from PWABuilder never updates?;javascript
Wordpress - Gutenberg - dynamic blocks - Can I completey avoid PHP and go full React?;javascript
Weather Tabs in Javascript;javascript
Making a outer circle divided in 8 parts in html/css;javascript
Calendar with goals that checks what you finished;javascript
"ACF Repeater called by ajax can&#39;t get rows";javascript
How to validate the status changes using Cypress;javascript
How to go to the next page using next button and later display result by submit button?;javascript
How to highlight a search result in V-data-table - VueJS;javascript
Is there a JavaScript InDesign function to get ID value;javascript
D3: How to set symbols insted of points in a ScatterPlot;javascript
Getting the value from a TinyMCE textarea;javascript
"I&#39;m trying to get attribute in table row";javascript
JQuery show/hide/toggle functions are not working properly;javascript
Open modal from link without triggering parent javascript;javascript
Redirecting URLs with Nativefier;javascript
Datepicker event change issue;javascript
(SOLVED) Making a Discord Bot execute an Ubuntu command;javascript
export Data in localStorage for later re-import;javascript
Block camera,microphone, geo-location, etc in Chrome with JavaScript Selenium v4;javascript
Sorting in decreasing order from the highest number of points to the lowest;javascript
Ensure regular expression is performant and secure;javascript
How do I get a webcam working with AngularJS?;javascript
How to place a changeable html element on ther same line?;javascript
Why has my animation SVG animation stopped changing color?;javascript
How to use recursion while rewriting JSON.stringify and return different value if a function is inside or outside an array?;javascript
JS Class: smartest way to create a variable inside a class without being called by the constructor;javascript
Save featurelayer into ArgisOnline javascript api 4.15;javascript
How to make prop accept null value in nuxt?;javascript
User-based text engine in javascript types all the letters at once without user interaction;javascript
Where can be found all MenuProps attributes of a Select in Material UI;javascript
How do I set a default value for kendo virtualized drop down that has multiple pages;javascript
publish net core web api with Vue on iis;javascript
"exibi&#231;&#227;o de arry com forEach";javascript
"Drag Drop - Can&#39;t Drag Drop to Original position";javascript
How to refactor these bloated conditional statements into an Array;javascript
How do I overwrite an entire document with JavaScript;javascript
parse data from firebase in react render;javascript
Tinymce - images_upload_handler - Validate max file size;javascript
Rotating border with radius in firefox, anti aliasing?;javascript
Implementing static properties in ClojureScript;javascript
React spinner while DOM is fetching;javascript
"Checking if variable exist JavaScript &amp; jQuery in best and quick and smallest way";javascript
How can I run webdriver-io outside of the test environment and still access the globals $ and $$?;javascript
How to get a child key name randomly from the Firebase Realtime database with a Javascript cloud function;javascript
First time NPM installation issues;javascript
How is .toggle() function being called when using javascript?;javascript
Angular 2+ get specific value on selected value;javascript
I want to try loading images in a div element and then perform another function if this fails after preset 5 seconds using jQuery;javascript
Using strong tag inside li on a pug template;javascript
Remove last portions of a string in javascript;javascript
Can not set state with props in react;javascript
Implementing user links powered by REST JSON API in React;javascript
"Chrome javascript debugger breakpoints don&#39;t do anything?";javascript
Executing an external python script in HTML webpage using PHP;javascript
"Google Maps won&#39;t initialize when user declines to share location";javascript
After the first run, all is NaN;javascript
rxjs: Subscriber does not fire on all changes in different class;javascript
How do I change one of many elements using the same modal for each specific element?;javascript
ReactJS - open upload dialog from external library;javascript
Fullcalendar v4 refetch only one single event;javascript
Access variables declared in dynamically imported JavaScript?;javascript
Why does this simple AJAX example from MDN fail?;javascript
"What&#39;s the appropriate way to replace my wrong design?";javascript
nodejs escapes when pushing to array;javascript
How to convert digit to string with floating point?;javascript
How to apply regex on a string based on a rule in javascript?;javascript
How to get default value in dropdown list?;javascript
How to enable pan on scroll in panzoom;javascript
How to you validate expiration date in a credit card form?;javascript
"Unable to use &#39;jQuery&#39; and &#39;$&#39; inside javascript function";javascript
datatables and pagination and row selection issue;javascript
Finding out if a user has a certain role;javascript
ReferenceError in JavaScript when trying to filter through functions;javascript
Is there a way to track the path of a point in a scene of multiple points with p5.js;javascript
Read a local project file when a page is loaded;javascript
How do I detect a click outside an element?;javascript
D3js Contour Displaying as Black Box;javascript
Angular: mat-form-field must contain a MatFormFieldControl;javascript
Render screen after JavaScript has been injected in React Native WebView;javascript
Membership system for JavaScript;javascript
"having access to a parent state from component&#39;s props.children:";javascript
Having trouble replacing stock javascript window.confirm with kendo dialog using jquery promises;javascript
mongoose.createConnection is not a function;javascript
YUP validation - how to get the value;javascript
React Hooks: setState hook inside map function;javascript
Post Local File from React to Express Results in 404 Error;javascript
how to post a message to any user on click using javascript and slack chat.postmessage?;javascript
output the user name to firebase by uid;javascript
"Getting the error of TypeError: Cannot read property &#39;filter&#39; of undefined";javascript
Pagination in mongoose and handlebars using node js;javascript
"scrollintoview is not working in chrome version&gt;=81. Behaviour smooth is not happening";javascript
the if else if statement not working the way I thought would have worked;javascript
Webpack: load images from inline style (background-image);javascript
Why console.log(myObj) prints an error in JS.Bin?;javascript
How to create hierarchical tree view in Odoo Website;javascript
"Swap image src if screen width &lt;= 699";javascript
Remove last item from innerText;javascript
Could you help me to understand this function?;javascript
Using class instances in react state;javascript
How to wait for images to load before executing something;javascript
Return response from asynchronous POST request;javascript
Leaflet map: on click changing color of all markers;javascript
Submit contact form;javascript
React Router: Component is not rendering but the URL is updated;javascript
Get data attribute from child;javascript
Custom progress bar for javascript audio player;javascript
How do I transpile TypeScript to ES6?;javascript
Adding a picture frame to the entire website;javascript
Bootstrap Vue - is there any way to time out a message box confirmation modal?;javascript
react native animating multiple views as a circle;javascript
How to add classes when clicking React;javascript
translate typescript to javascript;javascript
How to capture SSE Eventsource acknowledgement;javascript
Angular add dynamically SVG to SVG root Element;javascript
Why does this function break my form functionality?;javascript
Popup javascript shown in python login page;javascript
How to create Blob URL from video and assign to video source?;javascript
JQuery localStorage.setItem is not storing when using parameters;javascript
How to return http response text;javascript
"ReferenceError: Can&#39;t find variable: jQuery with Poltergeist/Capybara";javascript
Converting date types for datepicker entry;javascript
FullCalendar week/dayview to show only timeslots with events;javascript
Why Hindi UTF-8 Unicode text is not proper showing in this JS CSS Animation;javascript
How to remove the custom css class in previous selected icon when user clicks on another icon in map?;javascript
react native circle transform translate animation;javascript
Failed to execute query selector on document, id is not a valid selector;javascript
Circling motion animation in React Native;javascript
Vue Dynamic V-For Show and Hide div;javascript
how to iterate and compare data in an object;javascript
Foreach for one column in DataTables;javascript
Mongoose update database record using async/await promise;javascript
Count the occurrence of value in an array;javascript
D3.js - merge two adjacency matrices in ones with D3/JS;javascript
On keydown trigger next tab index (focus next element);javascript
Toggle the Boolean value of a nested JavaScript object;javascript
"&quot;ImportError: Cannot import name multiarray&quot;";python
Not writing to external file in Python;python
In PyCharm, matplotlib code only works when stepping debugger;python
shutdown a master server with a python script;python
How to round the minute of a datetime object;python
JS linter in Python project;python
Python List Index Ouf Of Range In IF Statement;python
groupby() and agg() in pandas;python
How to convert an H:MM:SS time string to seconds in Python?;python
CORS preflight request issue for google cloud function;python
JS Get Two Time Different problem with GMT in hours;javascript
js querySelectorAll() that contains specific string in className;javascript
sum two time param on format 00:00:00.000 with javascript;javascript
Trying to loop over the object and find the key with max value - getting inaccurate answer;javascript
using updated state in function;javascript
"add &#39;ids&#39; to checkbox elems from ~ sibling element innerText val";javascript
TypeScript 3.9 with HTML5 Canvas -- error on .strokeStyle;javascript
Looping an array to fill with data taken from another array;javascript
Recursively build a query string from JSON object;javascript
typeerror when reading state React;javascript
"TypeError : undefined is not an object (evaluating &#39;this.props.navigation.navigate&#39;)";javascript
Javascript toFixed() function;javascript
Exceeding setState limit when passing callback as prop;javascript
How do I add an attribute to a dynamically created element in Angular2+?;javascript
How to make one tab active automatically?;javascript
Angular http request with body and headers;javascript
Retrieving data from db.json file and adding it into an array using javascript;javascript
checkValidity returns true for last of many inputs when others are invalid;javascript
My java script is adding html elements in the wrong direction;javascript
Javascript - How to update any value in a nested object;javascript
"ModuleNotFoundError: No module named &#39;sklearn.externals.six&#39;";python
Python: Error in saving graph using matplotlib;python
No matching distribution found for vtk error;python
How to find if a frequent word is concentrated in a specific part of text or evenly distributed?;python
How to exclude 0 values from a list when calculating the mean;python
How can you check voice channel id that bot is connected to? (discord.py);python
"TensorflowJs says - &#39;Error: The first layer in a Sequential model must get an `inputShape` or `batchInputShape` argument.&#39; while loading the model";python
"Method launched by another class doesn&#39;t work";python
How to plot integrating over a slice of a two dimensional array;python
how can I print a value that correspond to a different value in two different lists? (python);python
Put legend for all lines on the matplolit;python
Delayed time series prediction;python
